Run,Assay Type,AvgSpotLen,Bases,BioProject,BioSample,Bytes,Center Name,Consent,DATASTORE filetype,DATASTORE provider,DATASTORE region,Experiment,genotype,Instrument,Library Name,LibraryLayout,LibrarySelection,LibrarySource,Organism,Platform,ReleaseDate,create_date,version,Sample Name,source_name,SRA Study,strain,Time
SRR20707037,RNA-Seq,152,168697200,PRJNA863480,SAMN30048415,67731406,"BIOPIC, PEKING UNIVERSITY",public,"run.zq,fastq,sra","ncbi,gs,s3","ncbi.public,gs.us-east1,s3.us-east-1",SRX16728812,WT,NextSeq 550,GSM6415582,PAIRED,cDNA,TRANSCRIPTOMIC SINGLE CELL,Saccharomyces cerevisiae,ILLUMINA,2022-08-01T00:00:00Z,2022-07-29T09:26:00Z,1,GSM6415582,BY4742,SRP388737,BY4742,36 hour
SRR20707038,RNA-Seq,152,135784944,PRJNA863480,SAMN30048416,55123002,"BIOPIC, PEKING UNIVERSITY",public,"sra,run.zq,fastq","gs,s3,ncbi","ncbi.public,s3.us-east-1,gs.us-east1",SRX16728811,WT,NextSeq 550,GSM6415581,PAIRED,cDNA,TRANSCRIPTOMIC SINGLE CELL,Saccharomyces cerevisiae,ILLUMINA,2022-08-01T00:00:00Z,2022-07-29T09:26:00Z,1,GSM6415581,BY4742,SRP388737,BY4742,36 hour
SRR20707039,RNA-Seq,152,120201144,PRJNA863480,SAMN30048417,48950883,"BIOPIC, PEKING UNIVERSITY",public,"run.zq,sra,fastq","ncbi,s3,gs","s3.us-east-1,gs.us-east1,ncbi.public",SRX16728810,WT,NextSeq 550,GSM6415580,PAIRED,cDNA,TRANSCRIPTOMIC SINGLE CELL,Saccharomyces cerevisiae,ILLUMINA,2022-08-01T00:00:00Z,2022-07-29T09:26:00Z,1,GSM6415580,BY4742,SRP388737,BY4742,36 hour
SRR20707040,RNA-Seq,152,132258392,PRJNA863480,SAMN30048418,53675946,"BIOPIC, PEKING UNIVERSITY",public,"fastq,run.zq,sra","gs,ncbi,s3","s3.us-east-1,ncbi.public,gs.us-east1",SRX16728809,WT,NextSeq 550,GSM6415579,PAIRED,cDNA,TRANSCRIPTOMIC SINGLE CELL,Saccharomyces cerevisiae,ILLUMINA,2022-08-01T00:00:00Z,2022-07-29T09:26:00Z,1,GSM6415579,BY4742,SRP388737,BY4742,36 hour
SRR20707042,RNA-Seq,152,170642040,PRJNA863480,SAMN30048421,69298910,"BIOPIC, PEKING UNIVERSITY",public,"sra,fastq,run.zq","ncbi,gs,s3","s3.us-east-1,ncbi.public,gs.us-east1",SRX16728806,WT,NextSeq 550,GSM6415576,PAIRED,cDNA,TRANSCRIPTOMIC SINGLE CELL,Saccharomyces cerevisiae,ILLUMINA,2022-08-01T00:00:00Z,2022-07-29T09:25:00Z,1,GSM6415576,BY4742,SRP388737,BY4742,36 hour
SRR20707043,RNA-Seq,152,114921120,PRJNA863480,SAMN30048422,46357985,"BIOPIC, PEKING UNIVERSITY",public,"fastq,sra,run.zq","s3,ncbi,gs","s3.us-east-1,gs.us-east1,ncbi.public",SRX16728805,WT,NextSeq 550,GSM6415575,PAIRED,cDNA,TRANSCRIPTOMIC SINGLE CELL,Saccharomyces cerevisiae,ILLUMINA,2022-08-01T00:00:00Z,2022-07-29T09:25:00Z,1,GSM6415575,BY4742,SRP388737,BY4742,36 hour
SRR20707044,RNA-Seq,152,130969432,PRJNA863480,SAMN30048419,52532642,"BIOPIC, PEKING UNIVERSITY",public,"fastq,run.zq,sra","s3,gs,ncbi","s3.us-east-1,gs.us-east1,ncbi.public",SRX16728808,WT,NextSeq 550,GSM6415578,PAIRED,cDNA,TRANSCRIPTOMIC SINGLE CELL,Saccharomyces cerevisiae,ILLUMINA,2022-08-01T00:00:00Z,2022-07-29T09:27:00Z,1,GSM6415578,BY4742,SRP388737,BY4742,36 hour
SRR20707045,RNA-Seq,152,152775656,PRJNA863480,SAMN30048423,61897976,"BIOPIC, PEKING UNIVERSITY",public,"run.zq,fastq,sra","gs,ncbi,s3","gs.us-east1,ncbi.public,s3.us-east-1",SRX16728804,WT,NextSeq 550,GSM6415574,PAIRED,cDNA,TRANSCRIPTOMIC SINGLE CELL,Saccharomyces cerevisiae,ILLUMINA,2022-08-01T00:00:00Z,2022-07-29T09:26:00Z,1,GSM6415574,BY4742,SRP388737,BY4742,36 hour
SRR20707046,RNA-Seq,152,160227608,PRJNA863480,SAMN30048424,65283350,"BIOPIC, PEKING UNIVERSITY",public,"run.zq,fastq,sra","ncbi,gs,s3","s3.us-east-1,ncbi.public,gs.us-east1",SRX16728803,WT,NextSeq 550,GSM6415573,PAIRED,cDNA,TRANSCRIPTOMIC SINGLE CELL,Saccharomyces cerevisiae,ILLUMINA,2022-08-01T00:00:00Z,2022-07-29T09:26:00Z,1,GSM6415573,BY4742,SRP388737,BY4742,36 hour
SRR20707047,RNA-Seq,152,139255560,PRJNA863480,SAMN30048425,56692270,"BIOPIC, PEKING UNIVERSITY",public,"sra,run.zq,fastq","s3,gs,ncbi","gs.us-east1,s3.us-east-1,ncbi.public",SRX16728802,WT,NextSeq 550,GSM6415572,PAIRED,cDNA,TRANSCRIPTOMIC SINGLE CELL,Saccharomyces cerevisiae,ILLUMINA,2022-08-01T00:00:00Z,2022-07-29T09:27:00Z,1,GSM6415572,BY4742,SRP388737,BY4742,36 hour
SRR20707054,RNA-Seq,152,66911312,PRJNA863480,SAMN30048433,27317110,"BIOPIC, PEKING UNIVERSITY",public,"fastq,sra,run.zq","gs,ncbi,s3","s3.us-east-1,ncbi.public,gs.us-east1",SRX16728794,WT,NextSeq 550,GSM6415564,PAIRED,cDNA,TRANSCRIPTOMIC SINGLE CELL,Saccharomyces cerevisiae,ILLUMINA,2022-08-01T00:00:00Z,2022-07-29T09:26:00Z,1,GSM6415564,BY4742,SRP388737,BY4742,36 hour
SRR20707055,RNA-Seq,152,139667784,PRJNA863480,SAMN30048434,60172092,"BIOPIC, PEKING UNIVERSITY",public,"run.zq,sra,fastq","ncbi,s3,gs","gs.us-east1,s3.us-east-1,ncbi.public",SRX16728793,WT,NextSeq 550,GSM6415563,PAIRED,cDNA,TRANSCRIPTOMIC SINGLE CELL,Saccharomyces cerevisiae,ILLUMINA,2022-08-01T00:00:00Z,2022-07-29T09:26:00Z,1,GSM6415563,BY4742,SRP388737,BY4742,16 hour
SRR20707056,RNA-Seq,152,168201832,PRJNA863480,SAMN30048456,67975874,"BIOPIC, PEKING UNIVERSITY",public,"fastq,sra,run.zq","s3,gs,ncbi","gs.us-east1,s3.us-east-1,ncbi.public",SRX16728791,WT,NextSeq 550,GSM6415541,PAIRED,cDNA,TRANSCRIPTOMIC SINGLE CELL,Saccharomyces cerevisiae,ILLUMINA,2022-08-01T00:00:00Z,2022-07-29T09:26:00Z,1,GSM6415541,BY4742,SRP388737,BY4742,16 hour
SRR20707057,RNA-Seq,152,184926392,PRJNA863480,SAMN30048457,79403869,"BIOPIC, PEKING UNIVERSITY",public,"run.zq,sra,fastq","s3,gs,ncbi","s3.us-east-1,ncbi.public,gs.us-east1",SRX16728790,WT,NextSeq 550,GSM6415540,PAIRED,cDNA,TRANSCRIPTOMIC SINGLE CELL,Saccharomyces cerevisiae,ILLUMINA,2022-08-01T00:00:00Z,2022-07-29T09:27:00Z,1,GSM6415540,BY4742,SRP388737,BY4742,16 hour
SRR20707058,RNA-Seq,152,145589400,PRJNA863480,SAMN30048459,58642756,"BIOPIC, PEKING UNIVERSITY",public,"run.zq,fastq,sra","gs,s3,ncbi","gs.us-east1,ncbi.public,s3.us-east-1",SRX16728788,WT,NextSeq 550,GSM6415538,PAIRED,cDNA,TRANSCRIPTOMIC SINGLE CELL,Saccharomyces cerevisiae,ILLUMINA,2022-08-01T00:00:00Z,2022-07-29T09:26:00Z,1,GSM6415538,BY4742,SRP388737,BY4742,16 hour
SRR20707059,RNA-Seq,152,105436624,PRJNA863480,SAMN30048460,43091978,"BIOPIC, PEKING UNIVERSITY",public,"fastq,run.zq,sra","ncbi,s3,gs","s3.us-east-1,ncbi.public,gs.us-east1",SRX16728787,WT,NextSeq 550,GSM6415537,PAIRED,cDNA,TRANSCRIPTOMIC SINGLE CELL,Saccharomyces cerevisiae,ILLUMINA,2022-08-01T00:00:00Z,2022-07-29T09:26:00Z,1,GSM6415537,BY4742,SRP388737,BY4742,16 hour
SRR20707060,RNA-Seq,152,131918520,PRJNA863480,SAMN30048461,52653978,"BIOPIC, PEKING UNIVERSITY",public,"fastq,sra,run.zq","s3,ncbi,gs","s3.us-east-1,gs.us-east1,ncbi.public",SRX16728786,WT,NextSeq 550,GSM6415536,PAIRED,cDNA,TRANSCRIPTOMIC SINGLE CELL,Saccharomyces cerevisiae,ILLUMINA,2022-08-01T00:00:00Z,2022-07-29T09:26:00Z,1,GSM6415536,BY4742,SRP388737,BY4742,16 hour
SRR20707061,RNA-Seq,152,187100448,PRJNA863480,SAMN30048458,73137811,"BIOPIC, PEKING UNIVERSITY",public,"run.zq,fastq,sra","ncbi,gs,s3","ncbi.public,gs.us-east1,s3.us-east-1",SRX16728789,WT,NextSeq 550,GSM6415539,PAIRED,cDNA,TRANSCRIPTOMIC SINGLE CELL,Saccharomyces cerevisiae,ILLUMINA,2022-08-01T00:00:00Z,2022-07-29T09:27:00Z,1,GSM6415539,BY4742,SRP388737,BY4742,16 hour
SRR20707062,RNA-Seq,152,139948832,PRJNA863480,SAMN30048462,55274099,"BIOPIC, PEKING UNIVERSITY",public,"fastq,run.zq,sra","ncbi,s3,gs","gs.us-east1,s3.us-east-1,ncbi.public",SRX16728785,WT,NextSeq 550,GSM6415535,PAIRED,cDNA,TRANSCRIPTOMIC SINGLE CELL,Saccharomyces cerevisiae,ILLUMINA,2022-08-01T00:00:00Z,2022-07-29T09:26:00Z,1,GSM6415535,BY4742,SRP388737,BY4742,16 hour
SRR20707063,RNA-Seq,152,111808312,PRJNA863480,SAMN30048463,44886936,"BIOPIC, PEKING UNIVERSITY",public,"sra,run.zq,fastq","s3,ncbi,gs","ncbi.public,s3.us-east-1,gs.us-east1",SRX16728784,WT,NextSeq 550,GSM6415534,PAIRED,cDNA,TRANSCRIPTOMIC SINGLE CELL,Saccharomyces cerevisiae,ILLUMINA,2022-08-01T00:00:00Z,2022-07-29T09:26:00Z,1,GSM6415534,BY4742,SRP388737,BY4742,16 hour
SRR20707064,RNA-Seq,152,167664056,PRJNA863480,SAMN30048464,69106772,"BIOPIC, PEKING UNIVERSITY",public,"run.zq,fastq,sra","gs,s3,ncbi","gs.us-east1,ncbi.public,s3.us-east-1",SRX16728783,WT,NextSeq 550,GSM6415533,PAIRED,cDNA,TRANSCRIPTOMIC SINGLE CELL,Saccharomyces cerevisiae,ILLUMINA,2022-08-01T00:00:00Z,2022-07-29T09:27:00Z,1,GSM6415533,BY4742,SRP388737,BY4742,16 hour
SRR20707065,RNA-Seq,152,146906024,PRJNA863480,SAMN30048465,63532234,"BIOPIC, PEKING UNIVERSITY",public,"sra,fastq,run.zq","s3,gs,ncbi","s3.us-east-1,gs.us-east1,ncbi.public",SRX16728782,WT,NextSeq 550,GSM6415532,PAIRED,cDNA,TRANSCRIPTOMIC SINGLE CELL,Saccharomyces cerevisiae,ILLUMINA,2022-08-01T00:00:00Z,2022-07-29T09:27:00Z,1,GSM6415532,BY4742,SRP388737,BY4742,16 hour
SRR20707066,RNA-Seq,152,147997384,PRJNA863480,SAMN30048467,60806117,"BIOPIC, PEKING UNIVERSITY",public,"fastq,sra,run.zq","ncbi,s3,gs","gs.us-east1,s3.us-east-1,ncbi.public",SRX16728780,WT,NextSeq 550,GSM6415530,PAIRED,cDNA,TRANSCRIPTOMIC SINGLE CELL,Saccharomyces cerevisiae,ILLUMINA,2022-08-01T00:00:00Z,2022-07-29T09:27:00Z,1,GSM6415530,BY4742,SRP388737,BY4742,16 hour
SRR20707067,RNA-Seq,152,144313664,PRJNA863480,SAMN30048468,57457095,"BIOPIC, PEKING UNIVERSITY",public,"fastq,run.zq,sra","s3,ncbi,gs","s3.us-east-1,ncbi.public,gs.us-east1",SRX16728779,WT,NextSeq 550,GSM6415529,PAIRED,cDNA,TRANSCRIPTOMIC SINGLE CELL,Saccharomyces cerevisiae,ILLUMINA,2022-08-01T00:00:00Z,2022-07-29T09:26:00Z,1,GSM6415529,BY4742,SRP388737,BY4742,16 hour
SRR20707068,RNA-Seq,152,100156752,PRJNA863480,SAMN30048469,40585144,"BIOPIC, PEKING UNIVERSITY",public,"sra,run.zq,fastq","gs,ncbi,s3","gs.us-east1,s3.us-east-1,ncbi.public",SRX16728778,WT,NextSeq 550,GSM6415528,PAIRED,cDNA,TRANSCRIPTOMIC SINGLE CELL,Saccharomyces cerevisiae,ILLUMINA,2022-08-01T00:00:00Z,2022-07-29T09:26:00Z,1,GSM6415528,BY4742,SRP388737,BY4742,16 hour
SRR20707069,RNA-Seq,152,153149272,PRJNA863480,SAMN30048466,61501858,"BIOPIC, PEKING UNIVERSITY",public,"sra,fastq,run.zq","gs,ncbi,s3","s3.us-east-1,ncbi.public,gs.us-east1",SRX16728781,WT,NextSeq 550,GSM6415531,PAIRED,cDNA,TRANSCRIPTOMIC SINGLE CELL,Saccharomyces cerevisiae,ILLUMINA,2022-08-01T00:00:00Z,2022-07-29T09:27:00Z,1,GSM6415531,BY4742,SRP388737,BY4742,16 hour
SRR20707070,RNA-Seq,152,145565384,PRJNA863480,SAMN30048470,59043987,"BIOPIC, PEKING UNIVERSITY",public,"fastq,run.zq,sra","gs,ncbi,s3","s3.us-east-1,gs.us-east1,ncbi.public",SRX16728777,WT,NextSeq 550,GSM6415527,PAIRED,cDNA,TRANSCRIPTOMIC SINGLE CELL,Saccharomyces cerevisiae,ILLUMINA,2022-08-01T00:00:00Z,2022-07-29T09:26:00Z,1,GSM6415527,BY4742,SRP388737,BY4742,16 hour
SRR20707071,RNA-Seq,152,159013128,PRJNA863480,SAMN30048471,67211004,"BIOPIC, PEKING UNIVERSITY",public,"sra,fastq,run.zq","gs,ncbi,s3","ncbi.public,gs.us-east1,s3.us-east-1",SRX16728776,WT,NextSeq 550,GSM6415526,PAIRED,cDNA,TRANSCRIPTOMIC SINGLE CELL,Saccharomyces cerevisiae,ILLUMINA,2022-08-01T00:00:00Z,2022-07-29T09:26:00Z,1,GSM6415526,BY4742,SRP388737,BY4742,16 hour
SRR20707072,RNA-Seq,152,126089168,PRJNA863480,SAMN30048472,50418951,"BIOPIC, PEKING UNIVERSITY",public,"sra,run.zq,fastq","ncbi,gs,s3","ncbi.public,gs.us-east1,s3.us-east-1",SRX16728775,WT,NextSeq 550,GSM6415525,PAIRED,cDNA,TRANSCRIPTOMIC SINGLE CELL,Saccharomyces cerevisiae,ILLUMINA,2022-08-01T00:00:00Z,2022-07-29T09:26:00Z,1,GSM6415525,BY4742,SRP388737,BY4742,16 hour
SRR20707073,RNA-Seq,152,117601792,PRJNA863480,SAMN30048473,46051733,"BIOPIC, PEKING UNIVERSITY",public,"fastq,run.zq,sra","s3,gs,ncbi","ncbi.public,s3.us-east-1,gs.us-east1",SRX16728774,WT,NextSeq 550,GSM6415524,PAIRED,cDNA,TRANSCRIPTOMIC SINGLE CELL,Saccharomyces cerevisiae,ILLUMINA,2022-08-01T00:00:00Z,2022-07-29T09:26:00Z,1,GSM6415524,BY4742,SRP388737,BY4742,16 hour
SRR20707074,RNA-Seq,152,135611208,PRJNA863480,SAMN30048475,54998495,"BIOPIC, PEKING UNIVERSITY",public,"sra,run.zq,fastq","s3,ncbi,gs","s3.us-east-1,gs.us-east1,ncbi.public",SRX16728772,WT,NextSeq 550,GSM6415522,PAIRED,cDNA,TRANSCRIPTOMIC SINGLE CELL,Saccharomyces cerevisiae,ILLUMINA,2022-08-01T00:00:00Z,2022-07-29T09:27:00Z,1,GSM6415522,BY4742,SRP388737,BY4742,16 hour
SRR20707075,RNA-Seq,152,136037264,PRJNA863480,SAMN30048476,54939911,"BIOPIC, PEKING UNIVERSITY",public,"run.zq,fastq,sra","gs,s3,ncbi","gs.us-east1,ncbi.public,s3.us-east-1",SRX16728771,WT,NextSeq 550,GSM6415521,PAIRED,cDNA,TRANSCRIPTOMIC SINGLE CELL,Saccharomyces cerevisiae,ILLUMINA,2022-08-01T00:00:00Z,2022-07-29T09:27:00Z,1,GSM6415521,BY4742,SRP388737,BY4742,16 hour
SRR20707076,RNA-Seq,152,136309192,PRJNA863480,SAMN30048477,55952112,"BIOPIC, PEKING UNIVERSITY",public,"run.zq,fastq,sra","ncbi,gs,s3","gs.us-east1,ncbi.public,s3.us-east-1",SRX16728770,WT,NextSeq 550,GSM6415520,PAIRED,cDNA,TRANSCRIPTOMIC SINGLE CELL,Saccharomyces cerevisiae,ILLUMINA,2022-08-01T00:00:00Z,2022-07-29T09:27:00Z,1,GSM6415520,BY4742,SRP388737,BY4742,16 hour
SRR20707077,RNA-Seq,152,159318648,PRJNA863480,SAMN30048474,63671437,"BIOPIC, PEKING UNIVERSITY",public,"sra,fastq,run.zq","s3,ncbi,gs","s3.us-east-1,ncbi.public,gs.us-east1",SRX16728773,WT,NextSeq 550,GSM6415523,PAIRED,cDNA,TRANSCRIPTOMIC SINGLE CELL,Saccharomyces cerevisiae,ILLUMINA,2022-08-01T00:00:00Z,2022-07-29T09:29:00Z,1,GSM6415523,BY4742,SRP388737,BY4742,16 hour
SRR20707078,RNA-Seq,152,176585848,PRJNA863480,SAMN30048478,69695714,"BIOPIC, PEKING UNIVERSITY",public,"run.zq,fastq,sra","gs,s3,ncbi","ncbi.public,s3.us-east-1,gs.us-east1",SRX16728769,WT,NextSeq 550,GSM6415519,PAIRED,cDNA,TRANSCRIPTOMIC SINGLE CELL,Saccharomyces cerevisiae,ILLUMINA,2022-08-01T00:00:00Z,2022-07-29T09:27:00Z,1,GSM6415519,BY4742,SRP388737,BY4742,16 hour
SRR20707079,RNA-Seq,152,161862976,PRJNA863480,SAMN30048479,66031680,"BIOPIC, PEKING UNIVERSITY",public,"run.zq,sra,fastq","s3,ncbi,gs","gs.us-east1,ncbi.public,s3.us-east-1",SRX16728768,WT,NextSeq 550,GSM6415518,PAIRED,cDNA,TRANSCRIPTOMIC SINGLE CELL,Saccharomyces cerevisiae,ILLUMINA,2022-08-01T00:00:00Z,2022-07-29T09:28:00Z,1,GSM6415518,BY4742,SRP388737,BY4742,16 hour
SRR20707080,RNA-Seq,152,156712760,PRJNA863480,SAMN30048480,66552348,"BIOPIC, PEKING UNIVERSITY",public,"run.zq,fastq,sra","ncbi,gs,s3","s3.us-east-1,gs.us-east1,ncbi.public",SRX16728767,WT,NextSeq 550,GSM6415517,PAIRED,cDNA,TRANSCRIPTOMIC SINGLE CELL,Saccharomyces cerevisiae,ILLUMINA,2022-08-01T00:00:00Z,2022-07-29T09:27:00Z,1,GSM6415517,BY4742,SRP388737,BY4742,16 hour
SRR20707081,RNA-Seq,152,178510928,PRJNA863480,SAMN30048481,70163647,"BIOPIC, PEKING UNIVERSITY",public,"run.zq,sra,fastq","ncbi,s3,gs","s3.us-east-1,gs.us-east1,ncbi.public",SRX16728766,WT,NextSeq 550,GSM6415516,PAIRED,cDNA,TRANSCRIPTOMIC SINGLE CELL,Saccharomyces cerevisiae,ILLUMINA,2022-08-01T00:00:00Z,2022-07-29T09:30:00Z,1,GSM6415516,BY4742,SRP388737,BY4742,16 hour
SRR20707091,RNA-Seq,152,151492624,PRJNA863480,SAMN30048491,62988550,"BIOPIC, PEKING UNIVERSITY",public,"run.zq,fastq,sra","ncbi,gs,s3","gs.us-east1,ncbi.public,s3.us-east-1",SRX16728756,WT,NextSeq 550,GSM6415506,PAIRED,cDNA,TRANSCRIPTOMIC SINGLE CELL,Saccharomyces cerevisiae,ILLUMINA,2022-08-01T00:00:00Z,2022-07-29T09:30:00Z,1,GSM6415506,BY4742,SRP388737,BY4742,2 hour
SRR20707092,RNA-Seq,152,46874976,PRJNA863480,SAMN30048492,20935038,"BIOPIC, PEKING UNIVERSITY",public,"run.zq,fastq,sra","gs,ncbi,s3","gs.us-east1,ncbi.public,s3.us-east-1",SRX16728755,WT,NextSeq 550,GSM6415505,PAIRED,cDNA,TRANSCRIPTOMIC SINGLE CELL,Saccharomyces cerevisiae,ILLUMINA,2022-08-01T00:00:00Z,2022-07-29T09:29:00Z,1,GSM6415505,BY4742,SRP388737,BY4742,2 hour
SRR20707093,RNA-Seq,152,115634000,PRJNA863480,SAMN30048493,45933457,"BIOPIC, PEKING UNIVERSITY",public,"sra,fastq,run.zq","ncbi,gs,s3","ncbi.public,s3.us-east-1,gs.us-east1",SRX16728754,WT,NextSeq 550,GSM6415504,PAIRED,cDNA,TRANSCRIPTOMIC SINGLE CELL,Saccharomyces cerevisiae,ILLUMINA,2022-08-01T00:00:00Z,2022-07-29T09:29:00Z,1,GSM6415504,BY4742,SRP388737,BY4742,2 hour
SRR20707094,RNA-Seq,152,89989928,PRJNA863480,SAMN30048494,36291371,"BIOPIC, PEKING UNIVERSITY",public,"fastq,sra,run.zq","ncbi,gs,s3","gs.us-east1,ncbi.public,s3.us-east-1",SRX16728753,WT,NextSeq 550,GSM6415503,PAIRED,cDNA,TRANSCRIPTOMIC SINGLE CELL,Saccharomyces cerevisiae,ILLUMINA,2022-08-01T00:00:00Z,2022-07-29T09:29:00Z,1,GSM6415503,BY4742,SRP388737,BY4742,2 hour
SRR20707095,RNA-Seq,152,103732856,PRJNA863480,SAMN30048495,40940889,"BIOPIC, PEKING UNIVERSITY",public,"sra,run.zq,fastq","ncbi,s3,gs","ncbi.public,s3.us-east-1,gs.us-east1",SRX16728752,WT,NextSeq 550,GSM6415502,PAIRED,cDNA,TRANSCRIPTOMIC SINGLE CELL,Saccharomyces cerevisiae,ILLUMINA,2022-08-01T00:00:00Z,2022-07-29T09:29:00Z,1,GSM6415502,BY4742,SRP388737,BY4742,2 hour
SRR20707096,RNA-Seq,152,135529888,PRJNA863480,SAMN30048496,53970080,"BIOPIC, PEKING UNIVERSITY",public,"sra,fastq,run.zq","ncbi,gs,s3","gs.us-east1,ncbi.public,s3.us-east-1",SRX16728751,WT,NextSeq 550,GSM6415501,PAIRED,cDNA,TRANSCRIPTOMIC SINGLE CELL,Saccharomyces cerevisiae,ILLUMINA,2022-08-01T00:00:00Z,2022-07-29T09:30:00Z,1,GSM6415501,BY4742,SRP388737,BY4742,2 hour
SRR20707097,RNA-Seq,152,120984096,PRJNA863480,SAMN30048385,49096218,"BIOPIC, PEKING UNIVERSITY",public,"sra,fastq,run.zq","s3,ncbi,gs","gs.us-east1,ncbi.public,s3.us-east-1",SRX16728750,WT,NextSeq 550,GSM6415612,PAIRED,cDNA,TRANSCRIPTOMIC SINGLE CELL,Saccharomyces cerevisiae,ILLUMINA,2022-08-01T00:00:00Z,2022-07-29T09:29:00Z,1,GSM6415612,BY4742,SRP388737,BY4742,36 hour
SRR20707098,RNA-Seq,152,89906176,PRJNA863480,SAMN30048386,36257232,"BIOPIC, PEKING UNIVERSITY",public,"sra,fastq,run.zq","s3,gs,ncbi","s3.us-east-1,ncbi.public,gs.us-east1",SRX16728749,WT,NextSeq 550,GSM6415611,PAIRED,cDNA,TRANSCRIPTOMIC SINGLE CELL,Saccharomyces cerevisiae,ILLUMINA,2022-08-01T00:00:00Z,2022-07-29T09:29:00Z,1,GSM6415611,BY4742,SRP388737,BY4742,36 hour
SRR20707099,RNA-Seq,152,126254088,PRJNA863480,SAMN30048387,51253890,"BIOPIC, PEKING UNIVERSITY",public,"fastq,run.zq,sra","s3,ncbi,gs","ncbi.public,s3.us-east-1,gs.us-east1",SRX16728748,WT,NextSeq 550,GSM6415610,PAIRED,cDNA,TRANSCRIPTOMIC SINGLE CELL,Saccharomyces cerevisiae,ILLUMINA,2022-08-01T00:00:00Z,2022-07-29T09:29:00Z,1,GSM6415610,BY4742,SRP388737,BY4742,36 hour
SRR20707100,RNA-Seq,152,246100160,PRJNA863480,SAMN30048388,97684406,"BIOPIC, PEKING UNIVERSITY",public,"fastq,sra,run.zq","gs,s3,ncbi","gs.us-east1,ncbi.public,s3.us-east-1",SRX16728747,WT,NextSeq 550,GSM6415609,PAIRED,cDNA,TRANSCRIPTOMIC SINGLE CELL,Saccharomyces cerevisiae,ILLUMINA,2022-08-01T00:00:00Z,2022-07-29T09:31:00Z,1,GSM6415609,BY4742,SRP388737,BY4742,36 hour
SRR20707101,RNA-Seq,152,42861720,PRJNA863480,SAMN30048389,17576817,"BIOPIC, PEKING UNIVERSITY",public,"run.zq,sra,fastq","gs,ncbi,s3","gs.us-east1,ncbi.public,s3.us-east-1",SRX16728746,WT,NextSeq 550,GSM6415608,PAIRED,cDNA,TRANSCRIPTOMIC SINGLE CELL,Saccharomyces cerevisiae,ILLUMINA,2022-08-01T00:00:00Z,2022-07-29T09:28:00Z,1,GSM6415608,BY4742,SRP388737,BY4742,36 hour
SRR20707102,RNA-Seq,152,157419104,PRJNA863480,SAMN30048390,63546809,"BIOPIC, PEKING UNIVERSITY",public,"sra,fastq,run.zq","ncbi,s3,gs","ncbi.public,gs.us-east1,s3.us-east-1",SRX16728745,WT,NextSeq 550,GSM6415607,PAIRED,cDNA,TRANSCRIPTOMIC SINGLE CELL,Saccharomyces cerevisiae,ILLUMINA,2022-08-01T00:00:00Z,2022-07-29T09:30:00Z,1,GSM6415607,BY4742,SRP388737,BY4742,36 hour
SRR20707103,RNA-Seq,152,183954048,PRJNA863480,SAMN30048391,74620618,"BIOPIC, PEKING UNIVERSITY",public,"sra,run.zq,fastq","s3,gs,ncbi","gs.us-east1,s3.us-east-1,ncbi.public",SRX16728744,WT,NextSeq 550,GSM6415606,PAIRED,cDNA,TRANSCRIPTOMIC SINGLE CELL,Saccharomyces cerevisiae,ILLUMINA,2022-08-01T00:00:00Z,2022-07-29T09:30:00Z,1,GSM6415606,BY4742,SRP388737,BY4742,36 hour
SRR20707104,RNA-Seq,152,150554784,PRJNA863480,SAMN30048392,62972504,"BIOPIC, PEKING UNIVERSITY",public,"fastq,sra,run.zq","s3,gs,ncbi","gs.us-east1,ncbi.public,s3.us-east-1",SRX16728743,WT,NextSeq 550,GSM6415605,PAIRED,cDNA,TRANSCRIPTOMIC SINGLE CELL,Saccharomyces cerevisiae,ILLUMINA,2022-08-01T00:00:00Z,2022-07-29T09:30:00Z,1,GSM6415605,BY4742,SRP388737,BY4742,36 hour
SRR20707105,RNA-Seq,152,151177072,PRJNA863480,SAMN30048393,62356861,"BIOPIC, PEKING UNIVERSITY",public,"sra,run.zq,fastq","ncbi,gs,s3","ncbi.public,s3.us-east-1,gs.us-east1",SRX16728742,WT,NextSeq 550,GSM6415604,PAIRED,cDNA,TRANSCRIPTOMIC SINGLE CELL,Saccharomyces cerevisiae,ILLUMINA,2022-08-01T00:00:00Z,2022-07-29T09:30:00Z,1,GSM6415604,BY4742,SRP388737,BY4742,36 hour
SRR20707106,RNA-Seq,152,91608728,PRJNA863480,SAMN30048394,37419471,"BIOPIC, PEKING UNIVERSITY",public,"sra,fastq,run.zq","s3,gs,ncbi","gs.us-east1,s3.us-east-1,ncbi.public",SRX16728741,WT,NextSeq 550,GSM6415603,PAIRED,cDNA,TRANSCRIPTOMIC SINGLE CELL,Saccharomyces cerevisiae,ILLUMINA,2022-08-01T00:00:00Z,2022-07-29T09:29:00Z,1,GSM6415603,BY4742,SRP388737,BY4742,36 hour
SRR20707107,RNA-Seq,152,154202936,PRJNA863480,SAMN30048396,62753992,"BIOPIC, PEKING UNIVERSITY",public,"sra,fastq,run.zq","s3,gs,ncbi","s3.us-east-1,ncbi.public,gs.us-east1",SRX16728739,WT,NextSeq 550,GSM6415601,PAIRED,cDNA,TRANSCRIPTOMIC SINGLE CELL,Saccharomyces cerevisiae,ILLUMINA,2022-08-01T00:00:00Z,2022-07-29T09:30:00Z,1,GSM6415601,BY4742,SRP388737,BY4742,36 hour
SRR20707108,RNA-Seq,152,115177848,PRJNA863480,SAMN30048397,45702787,"BIOPIC, PEKING UNIVERSITY",public,"fastq,run.zq,sra","ncbi,s3,gs","ncbi.public,s3.us-east-1,gs.us-east1",SRX16728738,WT,NextSeq 550,GSM6415600,PAIRED,cDNA,TRANSCRIPTOMIC SINGLE CELL,Saccharomyces cerevisiae,ILLUMINA,2022-08-01T00:00:00Z,2022-07-29T09:29:00Z,1,GSM6415600,BY4742,SRP388737,BY4742,36 hour
SRR20707109,RNA-Seq,152,70330096,PRJNA863480,SAMN30048398,29203342,"BIOPIC, PEKING UNIVERSITY",public,"fastq,sra,run.zq","ncbi,gs,s3","gs.us-east1,s3.us-east-1,ncbi.public",SRX16728737,WT,NextSeq 550,GSM6415599,PAIRED,cDNA,TRANSCRIPTOMIC SINGLE CELL,Saccharomyces cerevisiae,ILLUMINA,2022-08-01T00:00:00Z,2022-07-29T09:29:00Z,1,GSM6415599,BY4742,SRP388737,BY4742,36 hour
SRR20707110,RNA-Seq,152,111658592,PRJNA863480,SAMN30048395,45218372,"BIOPIC, PEKING UNIVERSITY",public,"fastq,run.zq,sra","gs,ncbi,s3","s3.us-east-1,ncbi.public,gs.us-east1",SRX16728740,WT,NextSeq 550,GSM6415602,PAIRED,cDNA,TRANSCRIPTOMIC SINGLE CELL,Saccharomyces cerevisiae,ILLUMINA,2022-08-01T00:00:00Z,2022-07-29T09:29:00Z,1,GSM6415602,BY4742,SRP388737,BY4742,36 hour
SRR20707111,RNA-Seq,152,171878712,PRJNA863480,SAMN30048399,71485151,"BIOPIC, PEKING UNIVERSITY",public,"fastq,sra,run.zq","s3,gs,ncbi","ncbi.public,s3.us-east-1,gs.us-east1",SRX16728736,WT,NextSeq 550,GSM6415598,PAIRED,cDNA,TRANSCRIPTOMIC SINGLE CELL,Saccharomyces cerevisiae,ILLUMINA,2022-08-01T00:00:00Z,2022-07-29T09:30:00Z,1,GSM6415598,BY4742,SRP388737,BY4742,36 hour
SRR20707112,RNA-Seq,152,141989584,PRJNA863480,SAMN30048400,56237790,"BIOPIC, PEKING UNIVERSITY",public,"sra,fastq,run.zq","gs,s3,ncbi","s3.us-east-1,gs.us-east1,ncbi.public",SRX16728735,WT,NextSeq 550,GSM6415597,PAIRED,cDNA,TRANSCRIPTOMIC SINGLE CELL,Saccharomyces cerevisiae,ILLUMINA,2022-08-01T00:00:00Z,2022-07-29T09:29:00Z,1,GSM6415597,BY4742,SRP388737,BY4742,36 hour
SRR20707113,RNA-Seq,152,155793312,PRJNA863480,SAMN30048401,63958169,"BIOPIC, PEKING UNIVERSITY",public,"run.zq,fastq,sra","gs,s3,ncbi","s3.us-east-1,ncbi.public,gs.us-east1",SRX16728734,WT,NextSeq 550,GSM6415596,PAIRED,cDNA,TRANSCRIPTOMIC SINGLE CELL,Saccharomyces cerevisiae,ILLUMINA,2022-08-01T00:00:00Z,2022-07-29T09:30:00Z,1,GSM6415596,BY4742,SRP388737,BY4742,36 hour
SRR20707114,RNA-Seq,152,152708320,PRJNA863480,SAMN30048402,63134283,"BIOPIC, PEKING UNIVERSITY",public,"sra,fastq,run.zq","ncbi,gs,s3","gs.us-east1,s3.us-east-1,ncbi.public",SRX16728733,WT,NextSeq 550,GSM6415595,PAIRED,cDNA,TRANSCRIPTOMIC SINGLE CELL,Saccharomyces cerevisiae,ILLUMINA,2022-08-01T00:00:00Z,2022-07-29T09:30:00Z,1,GSM6415595,BY4742,SRP388737,BY4742,36 hour
SRR20707115,RNA-Seq,152,162758256,PRJNA863480,SAMN30048404,65237746,"BIOPIC, PEKING UNIVERSITY",public,"fastq,sra,run.zq","s3,ncbi,gs","ncbi.public,s3.us-east-1,gs.us-east1",SRX16728731,WT,NextSeq 550,GSM6415593,PAIRED,cDNA,TRANSCRIPTOMIC SINGLE CELL,Saccharomyces cerevisiae,ILLUMINA,2022-08-01T00:00:00Z,2022-07-29T09:30:00Z,1,GSM6415593,BY4742,SRP388737,BY4742,36 hour
SRR20707116,RNA-Seq,152,195254336,PRJNA863480,SAMN30048405,79009192,"BIOPIC, PEKING UNIVERSITY",public,"fastq,run.zq,sra","gs,s3,ncbi","ncbi.public,s3.us-east-1,gs.us-east1",SRX16728730,WT,NextSeq 550,GSM6415592,PAIRED,cDNA,TRANSCRIPTOMIC SINGLE CELL,Saccharomyces cerevisiae,ILLUMINA,2022-08-01T00:00:00Z,2022-07-29T09:31:00Z,1,GSM6415592,BY4742,SRP388737,BY4742,36 hour
SRR20707117,RNA-Seq,152,243577416,PRJNA863480,SAMN30048406,96597281,"BIOPIC, PEKING UNIVERSITY",public,"fastq,run.zq,sra","ncbi,gs,s3","s3.us-east-1,ncbi.public,gs.us-east1",SRX16728729,WT,NextSeq 550,GSM6415591,PAIRED,cDNA,TRANSCRIPTOMIC SINGLE CELL,Saccharomyces cerevisiae,ILLUMINA,2022-08-01T00:00:00Z,2022-07-29T09:31:00Z,1,GSM6415591,BY4742,SRP388737,BY4742,36 hour
SRR20707118,RNA-Seq,152,180329456,PRJNA863480,SAMN30048403,81318583,"BIOPIC, PEKING UNIVERSITY",public,"fastq,run.zq,sra","ncbi,gs,s3","ncbi.public,gs.us-east1,s3.us-east-1",SRX16728732,WT,NextSeq 550,GSM6415594,PAIRED,cDNA,TRANSCRIPTOMIC SINGLE CELL,Saccharomyces cerevisiae,ILLUMINA,2022-08-01T00:00:00Z,2022-07-29T09:31:00Z,1,GSM6415594,BY4742,SRP388737,BY4742,36 hour
SRR20707119,RNA-Seq,152,207804976,PRJNA863480,SAMN30048407,83480426,"BIOPIC, PEKING UNIVERSITY",public,"fastq,sra,run.zq","s3,ncbi,gs","s3.us-east-1,ncbi.public,gs.us-east1",SRX16728728,WT,NextSeq 550,GSM6415590,PAIRED,cDNA,TRANSCRIPTOMIC SINGLE CELL,Saccharomyces cerevisiae,ILLUMINA,2022-08-01T00:00:00Z,2022-07-29T09:31:00Z,1,GSM6415590,BY4742,SRP388737,BY4742,36 hour
SRR20707120,RNA-Seq,152,169799200,PRJNA863480,SAMN30048408,67733736,"BIOPIC, PEKING UNIVERSITY",public,"fastq,run.zq,sra","ncbi,gs,s3","gs.us-east1,ncbi.public,s3.us-east-1",SRX16728727,WT,NextSeq 550,GSM6415589,PAIRED,cDNA,TRANSCRIPTOMIC SINGLE CELL,Saccharomyces cerevisiae,ILLUMINA,2022-08-01T00:00:00Z,2022-07-29T09:30:00Z,1,GSM6415589,BY4742,SRP388737,BY4742,36 hour
SRR20707121,RNA-Seq,152,112290152,PRJNA863480,SAMN30048409,44686250,"BIOPIC, PEKING UNIVERSITY",public,"run.zq,fastq,sra","ncbi,s3,gs","gs.us-east1,ncbi.public,s3.us-east-1",SRX16728726,WT,NextSeq 550,GSM6415588,PAIRED,cDNA,TRANSCRIPTOMIC SINGLE CELL,Saccharomyces cerevisiae,ILLUMINA,2022-08-01T00:00:00Z,2022-07-29T09:30:00Z,1,GSM6415588,BY4742,SRP388737,BY4742,36 hour
SRR20707122,RNA-Seq,152,167259736,PRJNA863480,SAMN30048410,68391223,"BIOPIC, PEKING UNIVERSITY",public,"fastq,run.zq,sra","gs,s3,ncbi","s3.us-east-1,gs.us-east1,ncbi.public",SRX16728725,WT,NextSeq 550,GSM6415587,PAIRED,cDNA,TRANSCRIPTOMIC SINGLE CELL,Saccharomyces cerevisiae,ILLUMINA,2022-08-01T00:00:00Z,2022-07-29T09:31:00Z,1,GSM6415587,BY4742,SRP388737,BY4742,36 hour
SRR20707123,RNA-Seq,152,129581976,PRJNA863480,SAMN30048412,52133969,"BIOPIC, PEKING UNIVERSITY",public,"run.zq,fastq,sra","gs,ncbi,s3","s3.us-east-1,gs.us-east1,ncbi.public",SRX16728723,WT,NextSeq 550,GSM6415585,PAIRED,cDNA,TRANSCRIPTOMIC SINGLE CELL,Saccharomyces cerevisiae,ILLUMINA,2022-08-01T00:00:00Z,2022-07-29T09:30:00Z,1,GSM6415585,BY4742,SRP388737,BY4742,36 hour
SRR20707124,RNA-Seq,152,126262752,PRJNA863480,SAMN30048413,50400833,"BIOPIC, PEKING UNIVERSITY",public,"fastq,run.zq,sra","s3,gs,ncbi","s3.us-east-1,gs.us-east1,ncbi.public",SRX16728722,WT,NextSeq 550,GSM6415584,PAIRED,cDNA,TRANSCRIPTOMIC SINGLE CELL,Saccharomyces cerevisiae,ILLUMINA,2022-08-01T00:00:00Z,2022-07-29T09:30:00Z,1,GSM6415584,BY4742,SRP388737,BY4742,36 hour
SRR20707125,RNA-Seq,152,147001176,PRJNA863480,SAMN30048435,59918677,"BIOPIC, PEKING UNIVERSITY",public,"fastq,sra,run.zq","s3,ncbi,gs","ncbi.public,gs.us-east1,s3.us-east-1",SRX16728721,WT,NextSeq 550,GSM6415562,PAIRED,cDNA,TRANSCRIPTOMIC SINGLE CELL,Saccharomyces cerevisiae,ILLUMINA,2022-08-01T00:00:00Z,2022-07-29T09:30:00Z,1,GSM6415562,BY4742,SRP388737,BY4742,16 hour
SRR20707126,RNA-Seq,152,66970896,PRJNA863480,SAMN30048432,28160988,"BIOPIC, PEKING UNIVERSITY",public,"sra,fastq,run.zq","gs,ncbi,s3","s3.us-east-1,ncbi.public,gs.us-east1",SRX16728795,WT,NextSeq 550,GSM6415565,PAIRED,cDNA,TRANSCRIPTOMIC SINGLE CELL,Saccharomyces cerevisiae,ILLUMINA,2022-08-01T00:00:00Z,2022-07-29T09:29:00Z,1,GSM6415565,BY4742,SRP388737,BY4742,36 hour
SRR20707127,RNA-Seq,152,139705328,PRJNA863480,SAMN30048436,56909804,"BIOPIC, PEKING UNIVERSITY",public,"run.zq,fastq,sra","s3,gs,ncbi","gs.us-east1,ncbi.public,s3.us-east-1",SRX16728720,WT,NextSeq 550,GSM6415561,PAIRED,cDNA,TRANSCRIPTOMIC SINGLE CELL,Saccharomyces cerevisiae,ILLUMINA,2022-08-01T00:00:00Z,2022-07-29T09:30:00Z,1,GSM6415561,BY4742,SRP388737,BY4742,16 hour
SRR20707128,RNA-Seq,152,163874240,PRJNA863480,SAMN30048437,73095929,"BIOPIC, PEKING UNIVERSITY",public,"fastq,run.zq,sra","gs,s3,ncbi","s3.us-east-1,gs.us-east1,ncbi.public",SRX16728719,WT,NextSeq 550,GSM6415560,PAIRED,cDNA,TRANSCRIPTOMIC SINGLE CELL,Saccharomyces cerevisiae,ILLUMINA,2022-08-01T00:00:00Z,2022-07-29T09:31:00Z,1,GSM6415560,BY4742,SRP388737,BY4742,16 hour
SRR20707129,RNA-Seq,152,147133112,PRJNA863480,SAMN30048438,59995153,"BIOPIC, PEKING UNIVERSITY",public,"sra,run.zq,fastq","gs,s3,ncbi","gs.us-east1,s3.us-east-1,ncbi.public",SRX16728718,WT,NextSeq 550,GSM6415559,PAIRED,cDNA,TRANSCRIPTOMIC SINGLE CELL,Saccharomyces cerevisiae,ILLUMINA,2022-08-01T00:00:00Z,2022-07-29T09:30:00Z,1,GSM6415559,BY4742,SRP388737,BY4742,16 hour
SRR20707130,RNA-Seq,152,149204872,PRJNA863480,SAMN30048439,62239088,"BIOPIC, PEKING UNIVERSITY",public,"sra,fastq,run.zq","ncbi,gs,s3","gs.us-east1,ncbi.public,s3.us-east-1",SRX16728717,WT,NextSeq 550,GSM6415558,PAIRED,cDNA,TRANSCRIPTOMIC SINGLE CELL,Saccharomyces cerevisiae,ILLUMINA,2022-08-01T00:00:00Z,2022-07-29T09:31:00Z,1,GSM6415558,BY4742,SRP388737,BY4742,16 hour
SRR20707140,RNA-Seq,152,106147224,PRJNA863480,SAMN30048449,42401279,"BIOPIC, PEKING UNIVERSITY",public,"fastq,sra,run.zq","ncbi,gs,s3","gs.us-east1,s3.us-east-1,ncbi.public",SRX16728707,WT,NextSeq 550,GSM6415548,PAIRED,cDNA,TRANSCRIPTOMIC SINGLE CELL,Saccharomyces cerevisiae,ILLUMINA,2022-08-01T00:00:00Z,2022-07-29T09:30:00Z,1,GSM6415548,BY4742,SRP388737,BY4742,16 hour
SRR20707141,RNA-Seq,152,156909904,PRJNA863480,SAMN30048450,63761325,"BIOPIC, PEKING UNIVERSITY",public,"sra,run.zq,fastq","gs,s3,ncbi","ncbi.public,s3.us-east-1,gs.us-east1",SRX16728706,WT,NextSeq 550,GSM6415547,PAIRED,cDNA,TRANSCRIPTOMIC SINGLE CELL,Saccharomyces cerevisiae,ILLUMINA,2022-08-01T00:00:00Z,2022-07-29T09:31:00Z,1,GSM6415547,BY4742,SRP388737,BY4742,16 hour
SRR20707142,RNA-Seq,152,214387640,PRJNA863480,SAMN30048451,87833593,"BIOPIC, PEKING UNIVERSITY",public,"fastq,run.zq,sra","gs,ncbi,s3","gs.us-east1,ncbi.public,s3.us-east-1",SRX16728705,WT,NextSeq 550,GSM6415546,PAIRED,cDNA,TRANSCRIPTOMIC SINGLE CELL,Saccharomyces cerevisiae,ILLUMINA,2022-08-01T00:00:00Z,2022-07-29T09:31:00Z,1,GSM6415546,BY4742,SRP388737,BY4742,16 hour
SRR20707143,RNA-Seq,152,156165256,PRJNA863480,SAMN30048452,63212155,"BIOPIC, PEKING UNIVERSITY",public,"run.zq,sra,fastq","ncbi,gs,s3","ncbi.public,s3.us-east-1,gs.us-east1",SRX16728704,WT,NextSeq 550,GSM6415545,PAIRED,cDNA,TRANSCRIPTOMIC SINGLE CELL,Saccharomyces cerevisiae,ILLUMINA,2022-08-01T00:00:00Z,2022-07-29T09:31:00Z,1,GSM6415545,BY4742,SRP388737,BY4742,16 hour
SRR20707144,RNA-Seq,152,180094008,PRJNA863480,SAMN30048453,71905921,"BIOPIC, PEKING UNIVERSITY",public,"sra,run.zq,fastq","s3,gs,ncbi","ncbi.public,s3.us-east-1,gs.us-east1",SRX16728703,WT,NextSeq 550,GSM6415544,PAIRED,cDNA,TRANSCRIPTOMIC SINGLE CELL,Saccharomyces cerevisiae,ILLUMINA,2022-08-01T00:00:00Z,2022-07-29T09:31:00Z,1,GSM6415544,BY4742,SRP388737,BY4742,16 hour
SRR20707145,RNA-Seq,152,183392408,PRJNA863480,SAMN30048454,76583027,"BIOPIC, PEKING UNIVERSITY",public,"fastq,sra,run.zq","ncbi,s3,gs","s3.us-east-1,ncbi.public,gs.us-east1",SRX16728702,WT,NextSeq 550,GSM6415543,PAIRED,cDNA,TRANSCRIPTOMIC SINGLE CELL,Saccharomyces cerevisiae,ILLUMINA,2022-08-01T00:00:00Z,2022-07-29T09:31:00Z,1,GSM6415543,BY4742,SRP388737,BY4742,16 hour
SRR20707146,RNA-Seq,152,179280504,PRJNA863480,SAMN30048455,70992981,"BIOPIC, PEKING UNIVERSITY",public,"sra,fastq,run.zq","s3,gs,ncbi","gs.us-east1,s3.us-east-1,ncbi.public",SRX16728792,WT,NextSeq 550,GSM6415542,PAIRED,cDNA,TRANSCRIPTOMIC SINGLE CELL,Saccharomyces cerevisiae,ILLUMINA,2022-08-01T00:00:00Z,2022-07-29T09:31:00Z,1,GSM6415542,BY4742,SRP388737,BY4742,16 hour
SRR20707147,RNA-Seq,152,97521528,PRJNA863480,SAMN30048498,41279289,"BIOPIC, PEKING UNIVERSITY",public,"run.zq,sra,fastq","ncbi,s3,gs","ncbi.public,gs.us-east1,s3.us-east-1",SRX16728700,WT,NextSeq 550,GSM6415499,PAIRED,cDNA,TRANSCRIPTOMIC SINGLE CELL,Saccharomyces cerevisiae,ILLUMINA,2022-08-01T00:00:00Z,2022-07-29T09:30:00Z,1,GSM6415499,BY4742,SRP388737,BY4742,2 hour
SRR20707148,RNA-Seq,152,153864432,PRJNA863480,SAMN30048499,61369402,"BIOPIC, PEKING UNIVERSITY",public,"run.zq,fastq,sra","ncbi,s3,gs","gs.us-east1,s3.us-east-1,ncbi.public",SRX16728699,WT,NextSeq 550,GSM6415498,PAIRED,cDNA,TRANSCRIPTOMIC SINGLE CELL,Saccharomyces cerevisiae,ILLUMINA,2022-08-01T00:00:00Z,2022-07-29T09:30:00Z,1,GSM6415498,BY4742,SRP388737,BY4742,2 hour
SRR20707149,RNA-Seq,152,91607512,PRJNA863480,SAMN30048500,36959936,"BIOPIC, PEKING UNIVERSITY",public,"fastq,sra,run.zq","ncbi,s3,gs","ncbi.public,gs.us-east1,s3.us-east-1",SRX16728698,WT,NextSeq 550,GSM6415497,PAIRED,cDNA,TRANSCRIPTOMIC SINGLE CELL,Saccharomyces cerevisiae,ILLUMINA,2022-08-01T00:00:00Z,2022-07-29T09:30:00Z,1,GSM6415497,BY4742,SRP388737,BY4742,2 hour
SRR20707150,RNA-Seq,152,124029872,PRJNA863480,SAMN30048497,50595507,"BIOPIC, PEKING UNIVERSITY",public,"run.zq,sra,fastq","ncbi,gs,s3","ncbi.public,gs.us-east1,s3.us-east-1",SRX16728701,WT,NextSeq 550,GSM6415500,PAIRED,cDNA,TRANSCRIPTOMIC SINGLE CELL,Saccharomyces cerevisiae,ILLUMINA,2022-08-01T00:00:00Z,2022-07-29T09:30:00Z,1,GSM6415500,BY4742,SRP388737,BY4742,2 hour
SRR20707155,RNA-Seq,152,131371320,PRJNA863480,SAMN30048506,52183228,"BIOPIC, PEKING UNIVERSITY",public,"sra,run.zq,fastq","gs,ncbi,s3","gs.us-east1,s3.us-east-1,ncbi.public",SRX16728692,WT,NextSeq 550,GSM6415491,PAIRED,cDNA,TRANSCRIPTOMIC SINGLE CELL,Saccharomyces cerevisiae,ILLUMINA,2022-08-01T00:00:00Z,2022-07-29T09:30:00Z,1,GSM6415491,BY4742,SRP388737,BY4742,2 hour
SRR20707156,RNA-Seq,152,144879256,PRJNA863480,SAMN30048507,56786273,"BIOPIC, PEKING UNIVERSITY",public,"run.zq,sra,fastq","ncbi,s3,gs","ncbi.public,s3.us-east-1,gs.us-east1",SRX16728691,WT,NextSeq 550,GSM6415490,PAIRED,cDNA,TRANSCRIPTOMIC SINGLE CELL,Saccharomyces cerevisiae,ILLUMINA,2022-08-01T00:00:00Z,2022-07-29T09:30:00Z,1,GSM6415490,BY4742,SRP388737,BY4742,2 hour
SRR20707157,RNA-Seq,152,117957776,PRJNA863480,SAMN30048508,46879791,"BIOPIC, PEKING UNIVERSITY",public,"fastq,sra,run.zq","gs,s3,ncbi","s3.us-east-1,gs.us-east1,ncbi.public",SRX16728690,WT,NextSeq 550,GSM6415489,PAIRED,cDNA,TRANSCRIPTOMIC SINGLE CELL,Saccharomyces cerevisiae,ILLUMINA,2022-08-01T00:00:00Z,2022-07-29T09:30:00Z,1,GSM6415489,BY4742,SRP388737,BY4742,2 hour
SRR20707158,RNA-Seq,152,137413168,PRJNA863480,SAMN30048505,54850262,"BIOPIC, PEKING UNIVERSITY",public,"run.zq,fastq,sra","ncbi,s3,gs","ncbi.public,gs.us-east1,s3.us-east-1",SRX16728693,WT,NextSeq 550,GSM6415492,PAIRED,cDNA,TRANSCRIPTOMIC SINGLE CELL,Saccharomyces cerevisiae,ILLUMINA,2022-08-01T00:00:00Z,2022-07-29T09:31:00Z,1,GSM6415492,BY4742,SRP388737,BY4742,2 hour
SRR20707159,RNA-Seq,152,141519904,PRJNA863480,SAMN30048509,56293656,"BIOPIC, PEKING UNIVERSITY",public,"fastq,sra,run.zq","gs,ncbi,s3","s3.us-east-1,gs.us-east1,ncbi.public",SRX16728689,WT,NextSeq 550,GSM6415488,PAIRED,cDNA,TRANSCRIPTOMIC SINGLE CELL,Saccharomyces cerevisiae,ILLUMINA,2022-08-01T00:00:00Z,2022-07-29T09:31:00Z,1,GSM6415488,BY4742,SRP388737,BY4742,2 hour
SRR20707160,RNA-Seq,152,142692736,PRJNA863480,SAMN30048510,57577235,"BIOPIC, PEKING UNIVERSITY",public,"run.zq,sra,fastq","ncbi,gs,s3","ncbi.public,gs.us-east1,s3.us-east-1",SRX16728688,WT,NextSeq 550,GSM6415487,PAIRED,cDNA,TRANSCRIPTOMIC SINGLE CELL,Saccharomyces cerevisiae,ILLUMINA,2022-08-01T00:00:00Z,2022-07-29T09:30:00Z,1,GSM6415487,BY4742,SRP388737,BY4742,2 hour
SRR20707161,RNA-Seq,152,150855744,PRJNA863480,SAMN30048511,59685269,"BIOPIC, PEKING UNIVERSITY",public,"run.zq,sra,fastq","gs,ncbi,s3","s3.us-east-1,gs.us-east1,ncbi.public",SRX16728687,WT,NextSeq 550,GSM6415486,PAIRED,cDNA,TRANSCRIPTOMIC SINGLE CELL,Saccharomyces cerevisiae,ILLUMINA,2022-08-01T00:00:00Z,2022-07-29T09:31:00Z,1,GSM6415486,BY4742,SRP388737,BY4742,2 hour
SRR20707162,RNA-Seq,152,131386216,PRJNA863480,SAMN30048512,53462313,"BIOPIC, PEKING UNIVERSITY",public,"run.zq,fastq,sra","s3,gs,ncbi","ncbi.public,s3.us-east-1,gs.us-east1",SRX16728686,WT,NextSeq 550,GSM6415485,PAIRED,cDNA,TRANSCRIPTOMIC SINGLE CELL,Saccharomyces cerevisiae,ILLUMINA,2022-08-01T00:00:00Z,2022-07-29T09:30:00Z,1,GSM6415485,BY4742,SRP388737,BY4742,2 hour
SRR20707163,RNA-Seq,152,114982984,PRJNA863480,SAMN30048514,45841319,"BIOPIC, PEKING UNIVERSITY",public,"sra,fastq,run.zq","s3,gs,ncbi","gs.us-east1,s3.us-east-1,ncbi.public",SRX16728684,WT,NextSeq 550,GSM6415483,PAIRED,cDNA,TRANSCRIPTOMIC SINGLE CELL,Saccharomyces cerevisiae,ILLUMINA,2022-08-01T00:00:00Z,2022-07-29T09:30:00Z,1,GSM6415483,BY4742,SRP388737,BY4742,2 hour
SRR20707164,RNA-Seq,152,119684648,PRJNA863480,SAMN30048515,48400681,"BIOPIC, PEKING UNIVERSITY",public,"sra,run.zq,fastq","s3,ncbi,gs","gs.us-east1,s3.us-east-1,ncbi.public",SRX16728683,WT,NextSeq 550,GSM6415482,PAIRED,cDNA,TRANSCRIPTOMIC SINGLE CELL,Saccharomyces cerevisiae,ILLUMINA,2022-08-01T00:00:00Z,2022-07-29T09:30:00Z,1,GSM6415482,BY4742,SRP388737,BY4742,2 hour
SRR20707165,RNA-Seq,152,145551400,PRJNA863480,SAMN30048516,57631300,"BIOPIC, PEKING UNIVERSITY",public,"sra,fastq,run.zq","gs,ncbi,s3","s3.us-east-1,ncbi.public,gs.us-east1",SRX16728682,WT,NextSeq 550,GSM6415481,PAIRED,cDNA,TRANSCRIPTOMIC SINGLE CELL,Saccharomyces cerevisiae,ILLUMINA,2022-08-01T00:00:00Z,2022-07-29T09:30:00Z,1,GSM6415481,BY4742,SRP388737,BY4742,2 hour
SRR20707166,RNA-Seq,152,116260848,PRJNA863480,SAMN30048513,47203821,"BIOPIC, PEKING UNIVERSITY",public,"sra,run.zq,fastq","gs,ncbi,s3","s3.us-east-1,gs.us-east1,ncbi.public",SRX16728685,WT,NextSeq 550,GSM6415484,PAIRED,cDNA,TRANSCRIPTOMIC SINGLE CELL,Saccharomyces cerevisiae,ILLUMINA,2022-08-01T00:00:00Z,2022-07-29T09:30:00Z,1,GSM6415484,BY4742,SRP388737,BY4742,2 hour
SRR20707035,RNA-Seq,152,179791984,PRJNA863480,SAMN30048414,71913103,"BIOPIC, PEKING UNIVERSITY",public,"sra,fastq,run.zq","gs,ncbi,s3","ncbi.public,s3.us-east-1,gs.us-east1",SRX16728813,WT,NextSeq 550,GSM6415583,PAIRED,cDNA,TRANSCRIPTOMIC SINGLE CELL,Saccharomyces cerevisiae,ILLUMINA,2022-08-01T00:00:00Z,2022-07-29T09:25:00Z,1,GSM6415583,BY4742,SRP388737,BY4742,36 hour
SRR20707036,RNA-Seq,152,153398248,PRJNA863480,SAMN30048411,61506007,"BIOPIC, PEKING UNIVERSITY",public,"fastq,sra,run.zq","s3,ncbi,gs","s3.us-east-1,ncbi.public,gs.us-east1",SRX16728724,WT,NextSeq 550,GSM6415586,PAIRED,cDNA,TRANSCRIPTOMIC SINGLE CELL,Saccharomyces cerevisiae,ILLUMINA,2022-08-01T00:00:00Z,2022-07-29T09:26:00Z,1,GSM6415586,BY4742,SRP388737,BY4742,36 hour
SRR20707041,RNA-Seq,152,170380600,PRJNA863480,SAMN30048420,70667830,"BIOPIC, PEKING UNIVERSITY",public,"fastq,run.zq,sra","ncbi,s3,gs","s3.us-east-1,gs.us-east1,ncbi.public",SRX16728807,WT,NextSeq 550,GSM6415577,PAIRED,cDNA,TRANSCRIPTOMIC SINGLE CELL,Saccharomyces cerevisiae,ILLUMINA,2022-08-01T00:00:00Z,2022-07-29T09:26:00Z,1,GSM6415577,BY4742,SRP388737,BY4742,36 hour
SRR20707048,RNA-Seq,152,124355608,PRJNA863480,SAMN30048426,51412348,"BIOPIC, PEKING UNIVERSITY",public,"fastq,sra,run.zq","ncbi,gs,s3","gs.us-east1,s3.us-east-1,ncbi.public",SRX16728801,WT,NextSeq 550,GSM6415571,PAIRED,cDNA,TRANSCRIPTOMIC SINGLE CELL,Saccharomyces cerevisiae,ILLUMINA,2022-08-01T00:00:00Z,2022-07-29T09:26:00Z,1,GSM6415571,BY4742,SRP388737,BY4742,36 hour
SRR20707049,RNA-Seq,152,55787192,PRJNA863480,SAMN30048427,23385742,"BIOPIC, PEKING UNIVERSITY",public,"run.zq,fastq,sra","s3,gs,ncbi","gs.us-east1,s3.us-east-1,ncbi.public",SRX16728800,WT,NextSeq 550,GSM6415570,PAIRED,cDNA,TRANSCRIPTOMIC SINGLE CELL,Saccharomyces cerevisiae,ILLUMINA,2022-08-01T00:00:00Z,2022-07-29T09:25:00Z,1,GSM6415570,BY4742,SRP388737,BY4742,36 hour
SRR20707050,RNA-Seq,152,77660752,PRJNA863480,SAMN30048428,32090495,"BIOPIC, PEKING UNIVERSITY",public,"run.zq,fastq,sra","s3,ncbi,gs","ncbi.public,gs.us-east1,s3.us-east-1",SRX16728799,WT,NextSeq 550,GSM6415569,PAIRED,cDNA,TRANSCRIPTOMIC SINGLE CELL,Saccharomyces cerevisiae,ILLUMINA,2022-08-01T00:00:00Z,2022-07-29T09:25:00Z,1,GSM6415569,BY4742,SRP388737,BY4742,36 hour
SRR20707051,RNA-Seq,152,52730320,PRJNA863480,SAMN30048429,22726987,"BIOPIC, PEKING UNIVERSITY",public,"run.zq,fastq,sra","ncbi,s3,gs","ncbi.public,gs.us-east1,s3.us-east-1",SRX16728798,WT,NextSeq 550,GSM6415568,PAIRED,cDNA,TRANSCRIPTOMIC SINGLE CELL,Saccharomyces cerevisiae,ILLUMINA,2022-08-01T00:00:00Z,2022-07-29T09:25:00Z,1,GSM6415568,BY4742,SRP388737,BY4742,36 hour
SRR20707052,RNA-Seq,152,38361304,PRJNA863480,SAMN30048430,16300178,"BIOPIC, PEKING UNIVERSITY",public,"sra,run.zq,fastq","s3,gs,ncbi","gs.us-east1,s3.us-east-1,ncbi.public",SRX16728797,WT,NextSeq 550,GSM6415567,PAIRED,cDNA,TRANSCRIPTOMIC SINGLE CELL,Saccharomyces cerevisiae,ILLUMINA,2022-08-01T00:00:00Z,2022-07-29T09:25:00Z,1,GSM6415567,BY4742,SRP388737,BY4742,36 hour
SRR20707053,RNA-Seq,152,29626928,PRJNA863480,SAMN30048431,13102234,"BIOPIC, PEKING UNIVERSITY",public,"sra,fastq,run.zq","gs,s3,ncbi","s3.us-east-1,gs.us-east1,ncbi.public",SRX16728796,WT,NextSeq 550,GSM6415566,PAIRED,cDNA,TRANSCRIPTOMIC SINGLE CELL,Saccharomyces cerevisiae,ILLUMINA,2022-08-01T00:00:00Z,2022-07-29T09:24:00Z,1,GSM6415566,BY4742,SRP388737,BY4742,36 hour
SRR20707082,RNA-Seq,152,136565920,PRJNA863480,SAMN30048482,57384080,"BIOPIC, PEKING UNIVERSITY",public,"sra,fastq,run.zq","gs,ncbi,s3","s3.us-east-1,gs.us-east1,ncbi.public",SRX16728765,WT,NextSeq 550,GSM6415515,PAIRED,cDNA,TRANSCRIPTOMIC SINGLE CELL,Saccharomyces cerevisiae,ILLUMINA,2022-08-01T00:00:00Z,2022-07-29T09:29:00Z,1,GSM6415515,BY4742,SRP388737,BY4742,16 hour
SRR20707083,RNA-Seq,152,144174888,PRJNA863480,SAMN30048483,57474331,"BIOPIC, PEKING UNIVERSITY",public,"sra,fastq,run.zq","s3,gs,ncbi","gs.us-east1,ncbi.public,s3.us-east-1",SRX16728764,WT,NextSeq 550,GSM6415514,PAIRED,cDNA,TRANSCRIPTOMIC SINGLE CELL,Saccharomyces cerevisiae,ILLUMINA,2022-08-01T00:00:00Z,2022-07-29T09:29:00Z,1,GSM6415514,BY4742,SRP388737,BY4742,2 hour
SRR20707084,RNA-Seq,152,181696848,PRJNA863480,SAMN30048484,72667742,"BIOPIC, PEKING UNIVERSITY",public,"run.zq,sra,fastq","gs,s3,ncbi","s3.us-east-1,gs.us-east1,ncbi.public",SRX16728763,WT,NextSeq 550,GSM6415513,PAIRED,cDNA,TRANSCRIPTOMIC SINGLE CELL,Saccharomyces cerevisiae,ILLUMINA,2022-08-01T00:00:00Z,2022-07-29T09:29:00Z,1,GSM6415513,BY4742,SRP388737,BY4742,2 hour
SRR20707085,RNA-Seq,152,164604448,PRJNA863480,SAMN30048485,65593797,"BIOPIC, PEKING UNIVERSITY",public,"fastq,run.zq,sra","s3,gs,ncbi","s3.us-east-1,gs.us-east1,ncbi.public",SRX16728762,WT,NextSeq 550,GSM6415512,PAIRED,cDNA,TRANSCRIPTOMIC SINGLE CELL,Saccharomyces cerevisiae,ILLUMINA,2022-08-01T00:00:00Z,2022-07-29T09:30:00Z,1,GSM6415512,BY4742,SRP388737,BY4742,2 hour
SRR20707086,RNA-Seq,152,164940368,PRJNA863480,SAMN30048486,67414130,"BIOPIC, PEKING UNIVERSITY",public,"run.zq,fastq,sra","gs,s3,ncbi","gs.us-east1,ncbi.public,s3.us-east-1",SRX16728761,WT,NextSeq 550,GSM6415511,PAIRED,cDNA,TRANSCRIPTOMIC SINGLE CELL,Saccharomyces cerevisiae,ILLUMINA,2022-08-01T00:00:00Z,2022-07-29T09:29:00Z,1,GSM6415511,BY4742,SRP388737,BY4742,2 hour
SRR20707087,RNA-Seq,152,164695496,PRJNA863480,SAMN30048487,65712026,"BIOPIC, PEKING UNIVERSITY",public,"sra,run.zq,fastq","ncbi,s3,gs","s3.us-east-1,ncbi.public,gs.us-east1",SRX16728760,WT,NextSeq 550,GSM6415510,PAIRED,cDNA,TRANSCRIPTOMIC SINGLE CELL,Saccharomyces cerevisiae,ILLUMINA,2022-08-01T00:00:00Z,2022-07-29T09:30:00Z,1,GSM6415510,BY4742,SRP388737,BY4742,2 hour
SRR20707088,RNA-Seq,152,137481416,PRJNA863480,SAMN30048488,54685348,"BIOPIC, PEKING UNIVERSITY",public,"sra,fastq,run.zq","gs,ncbi,s3","s3.us-east-1,ncbi.public,gs.us-east1",SRX16728759,WT,NextSeq 550,GSM6415509,PAIRED,cDNA,TRANSCRIPTOMIC SINGLE CELL,Saccharomyces cerevisiae,ILLUMINA,2022-08-01T00:00:00Z,2022-07-29T09:29:00Z,1,GSM6415509,BY4742,SRP388737,BY4742,2 hour
SRR20707089,RNA-Seq,152,146839296,PRJNA863480,SAMN30048489,59290619,"BIOPIC, PEKING UNIVERSITY",public,"fastq,sra,run.zq","ncbi,s3,gs","s3.us-east-1,gs.us-east1,ncbi.public",SRX16728758,WT,NextSeq 550,GSM6415508,PAIRED,cDNA,TRANSCRIPTOMIC SINGLE CELL,Saccharomyces cerevisiae,ILLUMINA,2022-08-01T00:00:00Z,2022-07-29T09:29:00Z,1,GSM6415508,BY4742,SRP388737,BY4742,2 hour
SRR20707090,RNA-Seq,152,141945200,PRJNA863480,SAMN30048490,57052605,"BIOPIC, PEKING UNIVERSITY",public,"sra,fastq,run.zq","s3,gs,ncbi","s3.us-east-1,ncbi.public,gs.us-east1",SRX16728757,WT,NextSeq 550,GSM6415507,PAIRED,cDNA,TRANSCRIPTOMIC SINGLE CELL,Saccharomyces cerevisiae,ILLUMINA,2022-08-01T00:00:00Z,2022-07-29T09:29:00Z,1,GSM6415507,BY4742,SRP388737,BY4742,2 hour
SRR20707131,RNA-Seq,152,138033632,PRJNA863480,SAMN30048441,55482206,"BIOPIC, PEKING UNIVERSITY",public,"run.zq,fastq,sra","s3,gs,ncbi","s3.us-east-1,ncbi.public,gs.us-east1",SRX16728715,WT,NextSeq 550,GSM6415556,PAIRED,cDNA,TRANSCRIPTOMIC SINGLE CELL,Saccharomyces cerevisiae,ILLUMINA,2022-08-01T00:00:00Z,2022-07-29T09:30:00Z,1,GSM6415556,BY4742,SRP388737,BY4742,16 hour
SRR20707132,RNA-Seq,152,187441232,PRJNA863480,SAMN30048442,78631210,"BIOPIC, PEKING UNIVERSITY",public,"fastq,run.zq,sra","gs,s3,ncbi","ncbi.public,s3.us-east-1,gs.us-east1",SRX16728714,WT,NextSeq 550,GSM6415555,PAIRED,cDNA,TRANSCRIPTOMIC SINGLE CELL,Saccharomyces cerevisiae,ILLUMINA,2022-08-01T00:00:00Z,2022-07-29T09:31:00Z,1,GSM6415555,BY4742,SRP388737,BY4742,16 hour
SRR20707133,RNA-Seq,152,120925880,PRJNA863480,SAMN30048443,51426419,"BIOPIC, PEKING UNIVERSITY",public,"fastq,run.zq,sra","s3,ncbi,gs","ncbi.public,s3.us-east-1,gs.us-east1",SRX16728713,WT,NextSeq 550,GSM6415554,PAIRED,cDNA,TRANSCRIPTOMIC SINGLE CELL,Saccharomyces cerevisiae,ILLUMINA,2022-08-01T00:00:00Z,2022-07-29T09:30:00Z,1,GSM6415554,BY4742,SRP388737,BY4742,16 hour
SRR20707134,RNA-Seq,152,138917968,PRJNA863480,SAMN30048440,56748991,"BIOPIC, PEKING UNIVERSITY",public,"sra,fastq,run.zq","s3,ncbi,gs","ncbi.public,gs.us-east1,s3.us-east-1",SRX16728716,WT,NextSeq 550,GSM6415557,PAIRED,cDNA,TRANSCRIPTOMIC SINGLE CELL,Saccharomyces cerevisiae,ILLUMINA,2022-08-01T00:00:00Z,2022-07-29T09:30:00Z,1,GSM6415557,BY4742,SRP388737,BY4742,16 hour
SRR20707135,RNA-Seq,152,154036496,PRJNA863480,SAMN30048444,61510602,"BIOPIC, PEKING UNIVERSITY",public,"run.zq,fastq,sra","gs,ncbi,s3","gs.us-east1,s3.us-east-1,ncbi.public",SRX16728712,WT,NextSeq 550,GSM6415553,PAIRED,cDNA,TRANSCRIPTOMIC SINGLE CELL,Saccharomyces cerevisiae,ILLUMINA,2022-08-01T00:00:00Z,2022-07-29T09:31:00Z,1,GSM6415553,BY4742,SRP388737,BY4742,16 hour
SRR20707136,RNA-Seq,152,79252344,PRJNA863480,SAMN30048445,31953234,"BIOPIC, PEKING UNIVERSITY",public,"fastq,run.zq,sra","ncbi,s3,gs","gs.us-east1,s3.us-east-1,ncbi.public",SRX16728711,WT,NextSeq 550,GSM6415552,PAIRED,cDNA,TRANSCRIPTOMIC SINGLE CELL,Saccharomyces cerevisiae,ILLUMINA,2022-08-01T00:00:00Z,2022-07-29T09:30:00Z,1,GSM6415552,BY4742,SRP388737,BY4742,16 hour
SRR20707137,RNA-Seq,152,145882152,PRJNA863480,SAMN30048446,58848397,"BIOPIC, PEKING UNIVERSITY",public,"run.zq,sra,fastq","gs,s3,ncbi","s3.us-east-1,ncbi.public,gs.us-east1",SRX16728710,WT,NextSeq 550,GSM6415551,PAIRED,cDNA,TRANSCRIPTOMIC SINGLE CELL,Saccharomyces cerevisiae,ILLUMINA,2022-08-01T00:00:00Z,2022-07-29T09:30:00Z,1,GSM6415551,BY4742,SRP388737,BY4742,16 hour
SRR20707138,RNA-Seq,152,98710016,PRJNA863480,SAMN30048447,40442099,"BIOPIC, PEKING UNIVERSITY",public,"sra,run.zq,fastq","ncbi,s3,gs","s3.us-east-1,ncbi.public,gs.us-east1",SRX16728709,WT,NextSeq 550,GSM6415550,PAIRED,cDNA,TRANSCRIPTOMIC SINGLE CELL,Saccharomyces cerevisiae,ILLUMINA,2022-08-01T00:00:00Z,2022-07-29T09:30:00Z,1,GSM6415550,BY4742,SRP388737,BY4742,16 hour
SRR20707139,RNA-Seq,152,122888200,PRJNA863480,SAMN30048448,49657016,"BIOPIC, PEKING UNIVERSITY",public,"fastq,sra,run.zq","ncbi,s3,gs","s3.us-east-1,gs.us-east1,ncbi.public",SRX16728708,WT,NextSeq 550,GSM6415549,PAIRED,cDNA,TRANSCRIPTOMIC SINGLE CELL,Saccharomyces cerevisiae,ILLUMINA,2022-08-01T00:00:00Z,2022-07-29T09:30:00Z,1,GSM6415549,BY4742,SRP388737,BY4742,16 hour
SRR20707151,RNA-Seq,152,88907536,PRJNA863480,SAMN30048501,36493904,"BIOPIC, PEKING UNIVERSITY",public,"run.zq,sra,fastq","gs,ncbi,s3","gs.us-east1,s3.us-east-1,ncbi.public",SRX16728697,WT,NextSeq 550,GSM6415496,PAIRED,cDNA,TRANSCRIPTOMIC SINGLE CELL,Saccharomyces cerevisiae,ILLUMINA,2022-08-01T00:00:00Z,2022-07-29T09:30:00Z,1,GSM6415496,BY4742,SRP388737,BY4742,2 hour
SRR20707152,RNA-Seq,152,106024408,PRJNA863480,SAMN30048502,43653572,"BIOPIC, PEKING UNIVERSITY",public,"sra,fastq,run.zq","s3,ncbi,gs","gs.us-east1,ncbi.public,s3.us-east-1",SRX16728696,WT,NextSeq 550,GSM6415495,PAIRED,cDNA,TRANSCRIPTOMIC SINGLE CELL,Saccharomyces cerevisiae,ILLUMINA,2022-08-01T00:00:00Z,2022-07-29T09:30:00Z,1,GSM6415495,BY4742,SRP388737,BY4742,2 hour
SRR20707153,RNA-Seq,152,95422104,PRJNA863480,SAMN30048503,38692299,"BIOPIC, PEKING UNIVERSITY",public,"run.zq,fastq,sra","gs,s3,ncbi","ncbi.public,gs.us-east1,s3.us-east-1",SRX16728695,WT,NextSeq 550,GSM6415494,PAIRED,cDNA,TRANSCRIPTOMIC SINGLE CELL,Saccharomyces cerevisiae,ILLUMINA,2022-08-01T00:00:00Z,2022-07-29T09:30:00Z,1,GSM6415494,BY4742,SRP388737,BY4742,2 hour
SRR20707154,RNA-Seq,152,83154032,PRJNA863480,SAMN30048504,34453064,"BIOPIC, PEKING UNIVERSITY",public,"fastq,run.zq,sra","s3,ncbi,gs","gs.us-east1,s3.us-east-1,ncbi.public",SRX16728694,WT,NextSeq 550,GSM6415493,PAIRED,cDNA,TRANSCRIPTOMIC SINGLE CELL,Saccharomyces cerevisiae,ILLUMINA,2022-08-01T00:00:00Z,2022-07-29T09:30:00Z,1,GSM6415493,BY4742,SRP388737,BY4742,2 hour
SRR20707167,RNA-Seq,152,136116304,PRJNA863480,SAMN30048517,54006434,"BIOPIC, PEKING UNIVERSITY",public,"sra,run.zq,fastq","gs,ncbi,s3","ncbi.public,gs.us-east1,s3.us-east-1",SRX16728681,WT,NextSeq 550,GSM6415480,PAIRED,cDNA,TRANSCRIPTOMIC SINGLE CELL,Saccharomyces cerevisiae,ILLUMINA,2022-08-01T00:00:00Z,2022-07-29T09:31:00Z,1,GSM6415480,BY4742,SRP388737,BY4742,2 hour
SRR20707168,RNA-Seq,152,135664560,PRJNA863480,SAMN30048518,55392631,"BIOPIC, PEKING UNIVERSITY",public,"run.zq,fastq,sra","ncbi,s3,gs","gs.us-east1,s3.us-east-1,ncbi.public",SRX16728680,WT,NextSeq 550,GSM6415479,PAIRED,cDNA,TRANSCRIPTOMIC SINGLE CELL,Saccharomyces cerevisiae,ILLUMINA,2022-08-01T00:00:00Z,2022-07-29T09:31:00Z,1,GSM6415479,BY4742,SRP388737,BY4742,2 hour
SRR20707169,RNA-Seq,152,133122208,PRJNA863480,SAMN30048519,52854718,"BIOPIC, PEKING UNIVERSITY",public,"fastq,sra,run.zq","gs,ncbi,s3","s3.us-east-1,ncbi.public,gs.us-east1",SRX16728679,WT,NextSeq 550,GSM6415478,PAIRED,cDNA,TRANSCRIPTOMIC SINGLE CELL,Saccharomyces cerevisiae,ILLUMINA,2022-08-01T00:00:00Z,2022-07-29T09:30:00Z,1,GSM6415478,BY4742,SRP388737,BY4742,2 hour
SRR20707170,RNA-Seq,152,110182368,PRJNA863480,SAMN30048520,43659500,"BIOPIC, PEKING UNIVERSITY",public,"sra,fastq,run.zq","ncbi,s3,gs","s3.us-east-1,ncbi.public,gs.us-east1",SRX16728678,WT,NextSeq 550,GSM6415477,PAIRED,cDNA,TRANSCRIPTOMIC SINGLE CELL,Saccharomyces cerevisiae,ILLUMINA,2022-08-01T00:00:00Z,2022-07-29T09:30:00Z,1,GSM6415477,BY4742,SRP388737,BY4742,2 hour
